Date,SN,Open,High,Low,Close,Adj Close,Volume,live,KI,KO,accumulation,BQty,BAt,BWhen,SQty,SAt,SWhen,BCF,SCF,CumQty,CumCF
2022-05-31,0,130.179993,133.149994,129.710007,132.229996,127.951584,17015000,False,False,False,False,False,False,False,False,False,False,False,False,False,0.0
2022-06-01,1,132.869995,132.869995,128.669998,129.910004,125.706657,10768000,False,False,False,False,False,False,False,False,False,False,False,False,0,0.0
2022-06-02,2,129.899994,132.009995,128.669998,132.0,127.729042,8374800,True,False,False,False,False,False,False,False,False,False,False,False,0,0.0
2022-06-03,3,131.210007,131.770004,129.990005,130.160004,125.948578,8596000,True,False,False,False,False,False,False,False,False,False,False,False,0,0.0
2022-06-06,4,131.089996,132.389999,129.460007,129.729996,125.532494,11323500,True,False,False,False,False,False,False,False,False,False,False,False,0,0.0
2022-06-07,5,128.830002,130.320007,128.619995,130.070007,125.861504,6722200,True,False,False,False,False,False,False,False,False,False,False,False,0,0.0
2022-06-08,6,129.0,129.449997,126.900002,128.0,123.858467,8422100,True,False,False,False,False,False,False,False,False,False,False,False,0,0.0
2022-06-09,7,127.370003,128.100006,125.269997,125.309998,121.255493,13560100,True,False,False,False,False,False,False,False,False,False,False,False,0,0.0
2022-06-10,8,122.589996,123.400002,119.32,119.550003,115.68187,12945200,True,False,False,False,False,False,False,False,False,False,False,False,0,0.0
2022-06-13,9,116.860001,117.949997,115.059998,115.989998,112.237045,16805600,True,False,False,False,False,False,False,False,False,False,False,False,0,0.0
2022-06-14,10,115.550003,117.32,113.220001,114.059998,110.369507,13357900,True,False,False,False,False,False,False,False,False,False,False,False,0,0.0
2022-06-15,11,115.620003,116.949997,113.169998,115.410004,111.675827,14083500,True,False,False,False,False,False,False,False,False,False,False,False,0,0.0
2022-06-16,12,113.860001,114.260002,111.870003,113.43,109.759888,16724900,True,False,False,False,False,False,False,False,False,False,False,False,0,0.0
2022-06-17,13,113.540001,114.629997,112.160004,113.029999,109.372826,30919900,True,False,False,False,False,False,False,False,False,False,False,False,0,0.0
2022-06-21,14,115.870003,117.029999,115.040001,115.830002,112.08223,11680500,True,False,False,False,False,False,False,False,False,False,False,False,0,0.0
2022-06-22,15,114.879997,116.199997,114.389999,115.18,111.453262,9842700,True,False,False,False,False,False,False,False,False,False,False,False,0,0.0
2022-06-23,16,115.010002,115.18,111.480003,113.919998,110.234024,11851500,True,False,False,False,False,False,False,False,False,False,False,False,0,0.0
2022-06-24,17,113.230003,117.82,112.830002,117.32,113.524025,14841100,True,False,False,False,False,False,False,False,False,False,False,False,0,0.0
2022-06-27,18,118.059998,118.5,115.639999,116.379997,112.614433,11280500,True,False,False,False,False,False,False,False,False,False,False,False,0,0.0
2022-06-28,19,117.669998,119.290001,115.599998,115.82,112.072556,11590900,True,False,False,False,False,False,False,False,False,False,False,False,0,0.0
2022-06-29,20,116.0,116.82,114.730003,115.300003,111.569374,9338400,True,False,False,False,False,False,False,False,False,False,False,False,0,0.0
2022-06-30,21,113.169998,114.080002,110.93,112.610001,108.966423,15172600,True,False,False,False,False,False,False,False,False,False,False,False,0,0.0
2022-07-01,22,112.650002,114.419998,111.160004,114.050003,110.359825,10573600,True,False,False,False,False,False,False,False,False,False,False,False,0,0.0
2022-07-05,23,110.769997,112.709999,109.300003,112.620003,109.940056,12514200,True,False,False,False,False,False,False,False,False,False,False,False,0,0.0
2022-07-06,24,111.730003,112.989998,110.790001,111.889999,109.227425,10656200,True,False,False,False,False,False,False,False,False,False,False,False,0,0.0
2022-07-07,25,113.5,114.900002,113.400002,114.720001,111.990089,10347400,True,False,False,False,False,False,False,False,False,False,False,False,0,0.0
2022-07-08,26,115.160004,115.650002,113.610001,114.360001,111.638649,8807800,True,False,False,False,False,False,False,False,False,False,False,False,0,0.0
2022-07-11,27,113.550003,114.230003,112.220001,112.860001,110.174347,7939500,True,False,False,False,False,False,False,False,False,False,False,False,0,0.0
2022-07-12,28,112.580002,115.18,112.260002,112.970001,110.281731,11250900,True,False,False,False,False,False,False,False,False,False,False,False,0,0.0
2022-07-13,29,111.75,112.480003,110.379997,111.910004,109.246964,12979900,True,False,False,False,False,False,False,False,False,False,False,False,0,0.0
2022-07-14,30,107.989998,108.230003,106.059998,108.0,105.43,26204800,True,False,False,False,False,False,False,False,False,False,False,False,0,0.0
2022-07-15,31,109.160004,113.879997,107.669998,112.949997,110.262199,18863900,True,False,False,False,False,False,False,False,False,False,False,False,0,0.0
2022-07-18,32,114.769997,115.839996,111.290001,111.790001,109.129807,13977900,True,False,False,False,False,False,False,False,False,False,False,False,0,0.0
2022-07-19,33,113.129997,114.940002,112.669998,114.559998,111.833893,11862300,True,False,False,False,False,False,False,False,False,False,False,False,0,0.0
2022-07-20,34,114.099998,114.739998,113.480003,114.540001,111.814369,11667500,True,False,False,False,False,False,False,False,False,False,False,False,0,0.0
2022-07-21,35,114.440002,115.529999,113.370003,115.32,112.575806,11595900,True,False,False,False,False,False,False,False,False,False,False,False,0,0.0
2022-07-22,36,115.239998,116.25,113.669998,114.760002,112.029137,7645500,True,False,False,False,False,False,False,False,False,False,False,False,0,0.0
2022-07-25,37,115.839996,116.459999,114.769997,115.220001,112.478188,9394000,True,False,False,False,False,False,False,False,False,False,False,False,0,0.0
2022-07-26,38,114.580002,115.580002,113.029999,113.419998,110.721024,10675100,True,False,False,False,False,False,False,False,False,False,False,False,0,0.0
2022-07-27,39,114.010002,115.739998,113.300003,115.239998,112.497704,9337400,True,False,False,False,False,False,False,False,False,False,False,False,0,0.0
2022-07-28,40,115.25,115.980003,113.529999,114.809998,112.07795,10384800,True,False,False,False,False,False,False,False,False,False,False,False,0,0.0
2022-07-29,41,115.589996,116.5,114.790001,115.360001,112.614853,12944500,True,False,False,False,False,False,False,False,False,False,False,False,0,0.0
2022-08-01,42,114.5,115.110001,113.07,114.209999,111.492218,14740400,True,False,False,False,False,False,False,False,False,False,False,False,0,0.0
2022-08-02,43,113.919998,114.400002,112.269997,112.43,109.754578,14942900,True,False,False,False,False,False,False,False,False,False,False,False,0,0.0
2022-08-03,44,113.449997,114.099998,111.709999,113.610001,110.906494,14394500,True,False,False,False,False,False,False,False,False,False,False,False,0,0.0
2022-08-04,45,112.849998,113.32,111.019997,112.360001,109.686241,18033900,True,False,False,False,False,False,False,False,False,False,False,False,0,0.0
2022-08-05,46,112.529999,116.190002,112.050003,115.760002,113.005341,14174600,True,False,False,False,False,False,False,False,False,False,False,False,0,0.0
2022-08-08,47,116.25,116.699997,114.18,114.349998,111.628891,10332500,True,False,False,False,False,False,False,False,False,False,False,False,0,0.0
2022-08-09,48,114.75,115.989998,114.370003,115.379997,112.634377,10233800,True,False,False,False,False,False,False,False,False,False,False,False,0,0.0
2022-08-10,49,117.959999,119.370003,117.5,118.389999,115.572746,12847300,True,False,False,False,False,False,False,False,False,False,False,False,0,0.0
2022-08-11,50,119.900002,121.199997,119.309998,120.139999,117.281105,11684900,True,False,False,False,False,False,False,False,False,False,False,False,0,0.0
2022-08-12,51,120.669998,122.25,119.440002,122.129997,119.223755,9906700,True,False,False,False,False,False,False,False,False,False,False,False,0,0.0
2022-08-15,52,121.139999,122.720001,120.599998,122.459999,119.545898,8456200,True,False,False,False,False,False,False,False,False,False,False,False,0,0.0
2022-08-16,53,122.290001,124.239998,121.870003,123.629997,120.688057,9555000,True,False,False,False,False,False,False,False,False,False,False,False,0,0.0
2022-08-17,54,122.300003,123.160004,121.690002,122.589996,119.672798,8149300,True,False,False,False,False,False,False,False,False,False,False,False,0,0.0
2022-08-18,55,122.239998,122.470001,120.550003,121.639999,118.745415,9531800,True,False,False,False,False,False,False,False,False,False,False,False,0,0.0
2022-08-19,56,120.620003,120.989998,118.110001,118.629997,115.807037,13464500,True,False,False,False,False,False,False,False,False,False,False,False,0,0.0
2022-08-22,57,116.75,117.160004,115.5,116.669998,113.893677,8967600,True,False,False,False,False,False,False,False,False,False,False,False,0,0.0
2022-08-23,58,116.690002,117.290001,115.379997,115.519997,112.771042,7607000,True,False,False,False,False,False,False,False,False,False,False,False,0,0.0
2022-08-24,59,115.290001,116.410004,114.449997,115.800003,113.044388,9771300,True,False,False,False,False,False,False,False,False,False,False,False,0,0.0
2022-08-25,60,116.160004,118.739998,115.68,118.550003,115.728943,10758900,True,False,False,False,False,False,False,False,False,False,False,False,0,0.0
2022-08-26,61,119.459999,119.989998,114.599998,114.669998,111.941269,11276200,True,False,False,False,False,False,False,False,False,False,False,False,0,0.0
2022-08-29,62,114.0,114.860001,113.459999,114.389999,111.667931,8117300,True,False,False,False,False,False,False,False,False,False,False,False,0,0.0
2022-08-30,63,115.0,115.580002,113.360001,114.410004,111.687469,10745400,True,False,False,False,False,False,False,False,False,False,False,False,0,0.0
2022-08-31,64,114.480003,115.029999,113.339996,113.730003,111.023651,10738300,True,False,False,False,False,False,False,False,False,False,False,False,0,0.0
2022-09-01,65,113.290001,114.629997,111.910004,114.510002,111.785088,9979800,True,False,False,False,False,False,False,False,False,False,False,False,0,0.0
2022-09-02,66,115.870003,117.449997,113.190002,113.709999,111.00412,10666600,True,False,False,False,False,False,False,False,False,False,False,False,0,0.0
2022-09-06,67,114.330002,114.75,112.07,113.739998,111.033409,9751900,True,False,False,False,False,False,False,False,False,False,False,False,0,0.0
2022-09-07,68,113.129997,116.110001,112.760002,115.900002,113.142006,10647900,True,False,False,False,False,False,False,False,False,False,False,False,0,0.0
2022-09-08,69,115.279999,118.790001,114.629997,118.599998,115.777756,11435000,True,False,False,False,False,False,False,False,False,False,False,False,0,0.0
2022-09-09,70,119.139999,120.050003,118.669998,119.169998,116.334183,9299700,True,False,False,False,False,False,False,False,False,False,False,False,0,0.0
2022-09-12,71,120.620003,121.550003,119.790001,120.580002,117.71064,8614600,True,False,False,False,False,False,False,False,False,False,False,False,0,0.0
2022-09-13,72,118.07,118.919998,115.779999,116.389999,113.620346,12904600,True,False,False,False,False,False,False,False,False,False,False,False,0,0.0
2022-09-14,73,116.699997,117.839996,114.879997,116.120003,113.356773,9345700,True,False,False,False,False,False,False,False,False,False,False,False,0,0.0
2022-09-15,74,116.120003,119.379997,115.760002,117.870003,115.065132,10821400,True,False,False,False,False,False,False,False,False,False,False,False,0,0.0
2022-09-16,75,117.389999,117.400002,115.370003,117.080002,114.29393,14844100,True,False,False,False,False,False,False,False,False,False,False,False,0,0.0
2022-09-19,76,116.0,118.730003,115.510002,118.160004,115.348228,8201300,True,False,False,False,False,False,False,False,False,False,False,False,0,0.0
2022-09-20,77,117.410004,117.690002,114.639999,115.830002,113.073669,9619000,True,False,False,False,False,False,False,False,False,False,False,False,0,0.0
2022-09-21,78,116.540001,116.599998,112.419998,112.489998,109.813148,12606300,True,False,False,False,False,False,False,False,False,False,False,False,0,0.0
2022-09-22,79,113.379997,113.599998,111.07,111.209999,108.563614,11684500,True,False,False,False,False,False,False,False,False,False,False,False,0,0.0
2022-09-23,80,110.050003,110.339996,107.160004,109.139999,106.54287,18138600,True,False,False,False,False,False,False,False,False,False,False,False,0,0.0
2022-09-26,81,108.0,109.610001,106.059998,106.790001,104.248787,15753600,True,False,False,False,False,False,False,False,False,False,False,False,0,0.0
2022-09-27,82,107.75,108.169998,104.650002,105.849998,103.331161,12793600,True,False,False,False,False,False,False,False,False,False,False,False,0,0.0
2022-09-28,83,105.949997,108.730003,105.639999,107.989998,105.420227,12762600,True,False,False,False,False,False,False,False,False,False,False,False,0,0.0
2022-09-29,84,106.949997,107.279999,104.400002,106.160004,103.633781,12713900,True,True,False,True,4,107.279999,True,4,104.400002,False,-429.119996,False,4,-429.119996
2022-09-30,85,106.059998,107.620003,104.400002,104.5,102.013275,15973400,True,True,False,True,4,107.620003,False,4,104.400002,True,False,417.600008,4,-11.519988000000012
2022-10-03,86,105.620003,108.360001,104.459999,107.730003,105.166428,12248100,True,True,False,True,4,108.360001,False,4,104.459999,True,False,417.839996,4,406.320008
2022-10-04,87,110.610001,112.989998,109.860001,112.769997,110.086479,16013600,True,True,False,True,3,112.989998,False,3,109.860001,True,False,329.580003,4,735.900011
2022-10-05,88,109.75,110.949997,108.830002,110.389999,108.72728,10943500,True,True,False,True,3,110.949997,True,3,108.830002,False,-332.849991,False,7,403.05001999999996
2022-10-06,89,109.459999,110.190002,107.940002,108.139999,106.511162,11521400,True,True,False,True,3,110.190002,True,3,107.940002,False,-330.57000600000003,False,10,72.48001399999993
2022-10-07,90,107.519997,107.709999,105.269997,105.980003,104.383705,11681100,True,True,False,True,3,107.709999,True,3,105.269997,False,-323.129997,False,13,-250.64998300000008
2022-10-10,91,106.730003,107.309998,104.519997,104.989998,103.408607,8931700,True,True,False,True,3,107.309998,True,3,104.519997,False,-321.92999399999997,False,16,-572.5799770000001
2022-10-11,92,104.370003,104.540001,101.849998,101.959999,100.424248,12739700,True,True,False,True,4,104.540001,False,4,101.849998,True,False,407.399992,16,-165.1799850000001
2022-10-12,93,101.800003,104.730003,101.279999,103.610001,102.0494,13181000,True,True,False,True,9,104.730003,False,9,101.279999,True,False,911.519991,16,746.3400059999999
2022-10-13,94,101.980003,109.900002,101.760002,109.370003,107.722641,22398700,True,True,False,True,5,109.900002,True,5,101.760002,False,-549.50001,False,21,196.83999599999993
2022-10-14,95,111.959999,115.239998,110.720001,111.190002,109.515228,33387100,True,True,False,True,3,115.239998,False,3,110.720001,True,False,332.16000299999996,21,528.9999989999999
2022-10-17,96,115.410004,117.010002,114.32,115.860001,114.114883,22276300,True,True,False,True,4,117.010002,True,4,114.32,False,-468.040008,False,25,60.95999099999989
2022-10-18,97,119.660004,120.139999,116.959999,118.839996,117.049995,21539700,True,True,False,True,4,120.139999,True,4,116.959999,False,-480.559996,False,29,-419.6000050000001
2022-10-19,98,117.989998,118.830002,115.669998,116.510002,114.755096,17072000,True,True,False,True,4,118.830002,True,4,115.669998,False,-475.320008,False,33,-894.9200130000002
2022-10-20,99,117.160004,118.709999,115.650002,116.129997,114.380814,12207400,True,True,False,True,7,118.709999,False,7,115.650002,True,False,809.550014,33,-85.36999900000012
2022-10-21,100,116.459999,122.389999,116.330002,122.230003,120.388939,20593300,True,True,False,True,2,122.389999,False,2,116.330002,True,False,232.660004,33,147.29000499999987
2022-10-24,101,122.07,123.099998,121.330002,122.379997,120.536674,12624200,True,True,False,True,3,123.099998,False,3,121.330002,True,False,363.990006,33,511.28001099999983
2022-10-25,102,121.849998,123.269997,120.889999,122.699997,120.85186,11289100,True,True,False,True,3,123.269997,False,3,120.889999,True,False,362.669997,33,873.9500079999998
2022-10-26,103,123.0,125.199997,122.879997,124.110001,122.240623,11667000,True,True,False,True,2,125.199997,True,2,122.879997,False,-250.399994,False,35,623.5500139999998
2022-10-27,104,125.199997,126.199997,124.209999,124.599998,122.723244,10727600,True,True,False,True,3,126.199997,False,3,124.209999,True,False,372.629997,35,996.1800109999998
2022-10-28,105,125.290001,126.279999,124.050003,126.080002,124.180946,11859500,True,True,False,True,2,126.279999,False,2,124.050003,True,False,248.100006,35,1244.2800169999998
2022-10-31,106,125.699997,127.43,125.589996,125.879997,123.983955,13295200,True,True,False,True,2,127.43,False,2,125.589996,True,False,251.179992,35,1495.460009
2022-11-01,107,126.870003,128.279999,126.330002,128.149994,126.219765,13386900,True,True,False,True,4,128.279999,True,4,126.330002,False,-513.119996,False,39,982.3400129999999
2022-11-02,108,127.650002,130.360001,126.639999,126.970001,125.057541,16546100,True,True,False,True,3,130.360001,False,3,126.639999,True,False,379.919997,39,1362.26001
2022-11-03,109,126.309998,128.179993,125.910004,127.199997,125.284073,12474400,True,True,False,True,3,128.179993,False,3,125.910004,True,False,377.730012,39,1739.990022
2022-11-04,110,129.490005,130.830002,128.460007,130.679993,128.711655,14953200,True,True,False,True,2,130.830002,False,2,128.460007,True,False,256.920014,39,1996.910036
2022-11-07,111,131.0,132.289993,130.479996,131.369995,129.391266,12011200,True,True,False,True,2,132.289993,False,2,130.479996,True,False,260.959992,39,2257.870028
2022-11-08,112,131.240005,132.059998,130.139999,131.449997,129.470062,9884100,True,True,False,True,3,132.059998,True,3,130.139999,False,-396.179994,False,42,1861.6900339999997
2022-11-09,113,131.320007,131.429993,129.220001,129.740005,127.785828,9494000,True,True,False,True,3,131.429993,False,3,129.220001,True,False,387.66000299999996,42,2249.3500369999997
2022-11-10,114,132.630005,135.25,132.529999,135.080002,133.045395,16351600,True,True,False,True,3,135.25,False,3,132.529999,True,False,397.58999700000004,42,2646.9400339999997
2022-11-11,115,135.190002,136.169998,133.779999,135.300003,133.26207,10704700,True,True,False,True,2,136.169998,True,2,133.779999,False,-272.339996,False,44,2374.6000379999996
2022-11-14,116,134.800003,135.729996,133.910004,133.910004,131.893021,11085600,True,True,False,True,5,135.729996,True,5,133.910004,False,-678.64998,False,49,1695.9500579999994
2022-11-15,117,134.679993,135.710007,131.600006,132.940002,130.937622,14038300,True,True,False,True,2,135.710007,False,2,131.600006,True,False,263.200012,49,1959.1500699999995
2022-11-16,118,133.0,133.559998,132.029999,133.119995,131.114914,7893400,True,True,False,True,2,133.559998,False,2,132.029999,True,False,264.059998,49,2223.2100679999994
2022-11-17,119,132.0,132.889999,131.279999,132.539993,130.54364,8820200,True,True,False,True,3,132.889999,True,3,131.279999,False,-398.66999699999997,False,52,1824.5400709999994
2022-11-18,120,134.570007,134.669998,132.279999,133.839996,131.824066,9468500,True,True,False,True,2,134.669998,True,2,132.279999,False,-269.339996,False,54,1555.2000749999995
2022-11-21,121,133.740005,134.559998,132.75,133.050003,131.045959,7800500,True,True,False,True,2,134.559998,False,2,132.75,True,False,265.5,54,1820.7000749999995
2022-11-22,122,134.0,135.270004,133.690002,135.039993,133.005981,9185700,True,True,False,True,2,135.270004,False,2,133.690002,True,False,267.380004,54,2088.0800789999994
2022-11-23,123,134.940002,136.5,134.860001,136.479996,134.424301,7316200,True,True,False,True,2,136.5,False,2,134.860001,True,False,269.720002,54,2357.8000809999994
2022-11-25,124,136.479996,137.139999,136.059998,136.740005,134.680389,3220500,True,True,False,True,3,137.139999,True,3,136.059998,False,-411.41999699999997,False,57,1946.3800839999994
2022-11-28,125,136.070007,136.710007,134.190002,134.350006,132.326401,9906900,True,True,False,True,3,136.710007,False,3,134.190002,True,False,402.570006,57,2348.9500899999994
2022-11-29,126,134.660004,136.639999,134.410004,136.559998,134.503098,7925300,True,True,False,True,5,136.639999,False,5,134.410004,True,False,672.0500199999999,57,3021.000109999999
2022-11-30,127,136.089996,138.179993,133.190002,138.179993,136.098679,14761200,True,True,False,True,4,138.179993,True,4,133.190002,False,-552.719972,False,61,2468.280137999999
2022-12-01,128,138.179993,138.660004,135.429993,136.240005,134.187912,8858500,True,True,False,True,3,138.660004,False,3,135.429993,True,False,406.289979,61,2874.5701169999993
2022-12-02,129,134.490005,135.350006,133.339996,135.160004,133.124176,8931900,True,True,False,True,4,135.350006,True,4,133.339996,False,-541.400024,False,65,2333.1700929999993
2022-12-05,130,134.240005,134.570007,130.600006,131.369995,129.391266,10154500,True,True,False,True,6,134.570007,True,6,130.600006,False,-807.420042,False,71,1525.7500509999993
2022-12-06,131,133.389999,135.110001,129.869995,131.589996,129.607956,13966700,True,True,False,True,3,135.110001,False,3,129.869995,True,False,389.60998499999994,71,1915.3600359999991
2022-12-07,132,131.309998,133.080002,130.330002,131.5,129.519302,11739400,True,True,False,True,2,133.080002,False,2,130.330002,True,False,260.660004,71,2176.020039999999
2022-12-08,133,132.330002,132.979996,131.429993,132.880005,130.878525,8907300,True,True,False,True,2,132.979996,True,2,131.429993,False,-265.959992,False,73,1910.060047999999
2022-12-09,134,132.199997,133.759995,132.0,132.160004,130.169373,7957800,True,True,False,True,4,133.759995,False,4,132.0,True,False,528.0,73,2438.060047999999
2022-12-12,135,132.399994,134.649994,131.600006,134.210007,132.188507,8841600,True,True,False,True,5,134.649994,True,5,131.600006,False,-673.24997,False,78,1764.810077999999
2022-12-13,136,136.889999,137.089996,133.080002,134.080002,132.06044,10025400,True,True,False,True,3,137.089996,True,3,133.080002,False,-411.269988,False,81,1353.540089999999
2022-12-14,137,133.779999,135.710007,132.759995,133.410004,131.400543,9966100,True,True,False,True,4,135.710007,True,4,132.759995,False,-542.840028,False,85,810.7000619999991
2022-12-15,138,131.149994,132.080002,129.050003,130.100006,128.140411,12087800,True,True,False,True,2,132.080002,False,2,129.050003,True,False,258.100006,85,1068.800067999999
2022-12-16,139,129.149994,129.899994,128.429993,129.289993,127.34259,21133700,True,True,False,True,3,129.899994,False,3,128.429993,True,False,385.289979,85,1454.0900469999992
2022-12-19,140,129.649994,131.330002,129.089996,130.059998,128.100998,9017200,True,True,False,True,2,131.330002,True,2,129.089996,False,-262.660004,False,87,1191.4300429999992
2022-12-20,141,130.970001,132.050003,130.199997,130.690002,128.721512,8549900,True,True,False,True,2,132.050003,True,2,130.199997,False,-264.100006,False,89,927.3300369999992
2022-12-21,142,132.179993,132.979996,131.770004,132.160004,130.169373,8051700,True,True,False,True,3,132.979996,True,3,131.770004,False,-398.93998799999997,False,92,528.3900489999992
2022-12-22,143,131.100006,131.300003,128.410004,130.660004,128.691971,8648200,True,True,False,True,2,131.300003,False,2,128.410004,True,False,256.820008,92,785.2100569999991
2022-12-23,144,130.580002,131.440002,129.639999,131.279999,129.302628,5091900,True,True,False,True,2,131.440002,False,2,129.639999,True,False,259.279998,92,1044.490054999999
2022-12-27,145,131.570007,132.220001,130.550003,131.740005,129.755707,5411000,True,True,False,True,3,132.220001,False,3,130.550003,True,False,391.650009,92,1436.140063999999
2022-12-28,146,131.850006,133.410004,131.009995,132.460007,130.464859,8827700,True,True,False,True,1,133.410004,False,1,131.009995,True,False,131.009995,92,1567.1500589999991
2022-12-29,147,132.929993,133.270004,132.309998,133.220001,131.213409,6585200,True,True,False,True,2,133.270004,False,2,132.309998,True,False,264.619996,92,1831.770054999999
2022-12-30,148,132.809998,134.330002,132.440002,134.100006,132.080154,9292500,True,True,False,True,3,134.330002,True,3,132.440002,False,-402.990006,False,95,1428.780048999999
2023-01-03,149,135.240005,136.740005,133.889999,135.119995,133.084793,11054800,True,True,False,True,3,136.740005,False,3,133.889999,True,False,401.66999699999997,95,1830.450045999999
2023-01-04,150,135.990005,137.679993,135.570007,136.380005,134.325806,11687600,True,True,False,True,3,137.679993,True,3,135.570007,False,-413.039979,False,98,1417.410066999999
2023-01-05,151,135.660004,135.710007,133.699997,135.350006,134.296051,8381300,True,True,False,True,4,135.710007,False,4,133.699997,True,False,534.799988,98,1952.2100549999989
2023-01-06,152,136.130005,138.380005,134.490005,137.940002,136.865875,10029100,True,True,False,True,2,138.380005,True,2,134.490005,False,-276.76001,False,100,1675.450044999999
2023-01-09,153,138.600006,138.880005,136.880005,137.369995,136.300308,8482300,True,True,False,True,2,138.880005,False,2,136.880005,True,False,273.76001,100,1949.2100549999989
2023-01-10,154,137.789993,138.720001,137.309998,138.600006,137.520737,9048700,True,True,False,True,2,138.720001,False,2,137.309998,True,False,274.619996,100,2223.830050999999
2023-01-11,155,138.899994,139.75,138.100006,139.630005,138.542709,8703700,True,True,False,True,2,139.75,True,2,138.100006,False,-279.5,False,102,1944.330050999999
2023-01-12,156,140.0,140.860001,139.220001,139.490005,138.403809,11001700,True,True,False,True,9,140.860001,False,9,139.220001,True,False,1252.9800089999999,102,3197.310059999999
2023-01-13,157,135.600006,143.490005,134.800003,143.009995,141.896393,20200000,True,True,False,True,3,143.490005,True,3,134.800003,False,-430.470015,False,105,2766.840044999999
2023-01-17,158,141.169998,141.539993,139.229996,140.800003,139.703598,14292900,True,True,False,True,5,141.539993,True,5,139.229996,False,-707.699965,False,110,2059.140079999999
2023-01-18,159,138.919998,140.729996,136.410004,136.570007,135.506546,13392600,True,True,False,True,3,140.729996,True,3,136.410004,False,-422.18998799999997,False,113,1636.9500919999991
2023-01-19,160,135.320007,135.899994,133.589996,134.75,133.700714,13303400,True,True,False,True,2,135.899994,True,2,133.589996,False,-271.799988,False,115,1365.1501039999991
2023-01-20,161,135.160004,135.490005,133.550003,135.080002,134.028137,13092500,True,True,False,True,4,135.490005,False,4,133.550003,True,False,534.200012,115,1899.3501159999992
2023-01-23,162,135.119995,137.960007,134.820007,137.270004,136.201096,10487100,True,True,False,True,6,137.960007,False,6,134.820007,True,False,808.920042,115,2708.2701579999994
2023-01-24,163,136.419998,140.289993,135.0,138.449997,137.371902,6945000,True,True,False,True,2,140.289993,False,2,135.0,True,False,270.0,115,2978.2701579999994
2023-01-25,164,138.050003,139.119995,137.25,139.119995,138.036682,8967000,True,True,False,True,2,139.119995,False,2,137.25,True,False,274.5,115,3252.7701579999994
2023-01-26,165,139.419998,140.059998,138.360001,139.979996,138.889984,7487600,True,True,False,True,2,140.059998,True,2,138.360001,False,-280.119996,False,117,2972.6501619999995
2023-01-27,166,140.610001,141.259995,139.75,140.320007,139.227341,7489900,True,True,False,True,2,141.259995,True,2,139.75,False,-282.51999,False,119,2690.130171999999
2023-01-30,167,139.229996,140.089996,138.910004,139.130005,138.046616,6729300,True,True,False,True,2,140.089996,False,2,138.910004,True,False,277.820008,119,2967.9501799999994
2023-01-31,168,139.880005,140.070007,138.25,139.960007,138.870148,9188700,True,True,False,True,3,140.070007,False,3,138.25,True,False,414.75,119,3382.7001799999994
2023-02-01,169,138.210007,140.880005,138.119995,139.589996,138.503021,8841800,True,True,False,True,3,140.880005,True,3,138.119995,False,-422.64001500000006,False,122,2960.0601649999994
2023-02-02,170,140.0,140.460007,138.0,138.940002,137.858093,11822100,True,True,False,True,5,140.460007,False,5,138.0,True,False,690.0,122,3650.0601649999994
2023-02-03,171,138.179993,142.330002,138.130005,141.089996,139.991333,11501200,True,True,False,True,3,142.330002,False,3,138.130005,True,False,414.39001500000006,122,4064.4501799999994
2023-02-06,172,140.229996,142.240005,140.029999,141.919998,140.81488,8406200,True,True,True,False,False,False,False,False,False,False,False,False,122,4064.4501799999994
2023-02-07,173,141.380005,144.339996,141.179993,143.649994,142.531403,10447900,True,True,True,False,False,False,False,False,False,False,False,False,122,4064.4501799999994
2023-02-08,174,142.649994,144.039993,142.279999,142.639999,141.529266,6958000,True,True,True,False,False,False,False,False,False,False,False,False,122,4064.4501799999994
2023-02-09,175,143.119995,143.339996,139.869995,140.419998,139.326553,6443100,True,True,True,False,False,False,False,False,False,False,False,False,122,4064.4501799999994
2023-02-10,176,139.779999,141.279999,138.589996,141.039993,139.941727,6582900,True,True,True,False,False,False,False,False,False,False,False,False,122,4064.4501799999994
2023-02-13,177,141.300003,142.729996,140.740005,142.570007,141.459824,7134600,True,True,True,False,False,False,False,False,False,False,False,False,122,4064.4501799999994
2023-02-14,178,142.5,143.809998,141.600006,143.199997,142.084915,9249400,True,True,True,False,False,False,False,False,False,False,False,False,122,4064.4501799999994
2023-02-15,179,141.610001,143.889999,141.300003,143.800003,142.680237,6728300,True,True,True,False,False,False,False,False,False,False,False,False,122,4064.4501799999994
2023-02-16,180,142.910004,143.389999,141.679993,141.820007,140.715668,8165300,True,True,True,False,False,False,False,False,False,False,False,False,122,4064.4501799999994
2023-02-17,181,140.979996,142.830002,140.070007,142.240005,141.132385,7948800,True,True,True,False,False,False,False,False,False,False,False,False,122,4064.4501799999994
2023-02-21,182,140.690002,141.339996,138.75,139.630005,138.542709,9996300,True,True,True,False,False,False,False,False,False,False,False,False,122,4064.4501799999994
2023-02-22,183,138.919998,139.429993,137.440002,138.559998,137.481033,11107500,True,True,True,False,False,False,False,False,False,False,False,False,122,4064.4501799999994
2023-02-23,184,138.729996,140.169998,137.940002,139.669998,138.582397,8068000,True,True,True,False,False,False,False,False,False,False,False,False,122,4064.4501799999994
2023-02-24,185,139.110001,141.360001,138.929993,140.929993,139.832581,9126900,True,True,True,False,False,False,False,False,False,False,False,False,122,4064.4501799999994
2023-02-27,186,142.110001,143.309998,141.720001,142.160004,141.053009,10014700,True,True,True,False,False,False,False,False,False,False,False,False,122,4064.4501799999994
2023-02-28,187,142.940002,143.759995,141.899994,143.350006,142.233749,11019800,True,True,True,False,False,False,False,False,False,False,False,False,122,4064.4501799999994
2023-03-01,188,142.100006,143.460007,141.800003,142.550003,141.439972,7139200,True,True,True,False,False,False,False,False,False,False,False,False,122,4064.4501799999994
2023-03-02,189,142.240005,142.429993,139.539993,141.070007,139.971512,11106800,True,True,True,False,False,False,False,False,False,False,False,False,122,4064.4501799999994
2023-03-03,190,141.509995,143.740005,141.080002,143.660004,142.541336,9513100,True,True,True,False,False,False,False,False,False,False,False,False,122,4064.4501799999994
2023-03-06,191,143.440002,144.039993,142.660004,142.820007,141.70787,9261300,True,True,True,False,False,False,False,False,False,False,False,False,122,4064.4501799999994
2023-03-07,192,142.009995,142.309998,137.809998,138.619995,137.540573,11747600,True,True,True,False,False,False,False,False,False,False,False,False,122,4064.4501799999994
2023-03-08,193,138.0,138.589996,136.889999,137.800003,136.726959,10002500,True,True,True,False,False,False,False,False,False,False,False,False,122,4064.4501799999994
2023-03-09,194,136.759995,137.350006,129.220001,130.339996,129.325043,25888100,True,True,True,False,False,False,False,False,False,False,False,False,122,4064.4501799999994
2023-03-10,195,128.960007,135.259995,127.82,133.649994,132.609268,37599700,True,True,True,False,False,False,False,False,False,False,False,False,122,4064.4501799999994
2023-03-13,196,131.210007,133.880005,129.410004,131.25,130.227966,42901100,True,True,True,False,False,False,False,False,False,False,False,False,122,4064.4501799999994
2023-03-14,197,135.279999,135.529999,131.289993,134.619995,133.571716,29648100,True,True,True,False,False,False,False,False,False,False,False,False,122,4064.4501799999994
2023-03-15,198,130.979996,130.990005,126.730003,128.259995,127.261246,34280600,True,True,True,False,False,False,False,False,False,False,False,False,122,4064.4501799999994
2023-03-16,199,128.009995,131.949997,126.019997,130.75,129.731857,24558500,True,True,True,False,False,False,False,False,False,False,False,False,122,4064.4501799999994
2023-03-17,200,128.380005,128.479996,125.449997,125.809998,124.830322,38396000,True,True,True,False,False,False,False,False,False,False,False,False,122,4064.4501799999994
2023-03-20,201,126.989998,129.470001,126.010002,127.139999,126.149971,22875500,True,True,True,False,False,False,False,False,False,False,False,False,122,4064.4501799999994
2023-03-21,202,130.589996,131.729996,130.190002,130.550003,129.533417,17807800,True,True,True,False,False,False,False,False,False,False,False,False,122,4064.4501799999994
2023-03-22,203,130.559998,130.660004,127.080002,127.18,126.189659,17250200,True,True,True,False,False,False,False,False,False,False,False,False,122,4064.4501799999994
2023-03-23,204,127.900002,129.529999,126.019997,126.839996,125.852303,16677600,True,True,True,False,False,False,False,False,False,False,False,False,122,4064.4501799999994
2023-03-24,205,125.629997,125.68,123.110001,124.910004,123.93734,22311100,True,True,True,False,False,False,False,False,False,False,False,False,122,4064.4501799999994
2023-03-27,206,126.790001,129.380005,126.290001,128.490005,127.489464,18853900,True,True,True,False,False,False,False,False,False,False,False,False,122,4064.4501799999994
2023-03-28,207,128.710007,129.339996,127.739998,128.880005,127.876427,10820500,True,True,True,False,False,False,False,False,False,False,False,False,122,4064.4501799999994
2023-03-29,208,130.100006,130.220001,127.769997,129.139999,128.134399,14595300,True,True,True,False,False,False,False,False,False,False,False,False,122,4064.4501799999994
2023-03-30,209,129.949997,130.119995,127.650002,128.75,127.747437,12134700,True,True,True,False,False,False,False,False,False,False,False,False,122,4064.4501799999994
2023-03-31,210,129.660004,130.339996,128.850006,130.309998,129.295288,13105200,True,True,True,False,False,False,False,False,False,False,False,False,122,4064.4501799999994
2023-04-03,211,129.910004,131.440002,129.410004,130.160004,129.146454,11775400,True,True,True,False,False,False,False,False,False,False,False,False,122,4064.4501799999994
2023-04-04,212,130.5,130.589996,127.410004,128.419998,127.419998,11579900,True,True,True,False,False,False,False,False,False,False,False,False,122,4064.4501799999994
2023-04-05,213,126.800003,128.149994,126.459999,127.610001,127.610001,9614700,True,True,True,False,False,False,False,False,False,False,False,False,122,4064.4501799999994
2023-04-06,214,127.0,128.080002,126.860001,127.470001,127.470001,8760200,True,True,True,False,False,False,False,False,False,False,False,False,122,4064.4501799999994
2023-04-10,215,126.540001,128.229996,126.220001,127.889999,127.889999,9477300,True,True,True,False,False,False,False,False,False,False,False,False,122,4064.4501799999994
2023-04-11,216,128.300003,128.940002,127.540001,128.520004,128.520004,10516300,True,True,True,False,False,False,False,False,False,False,False,False,122,4064.4501799999994
2023-04-12,217,129.179993,130.429993,128.059998,128.5,128.5,11821000,True,True,True,False,False,False,False,False,False,False,False,False,122,4064.4501799999994
2023-04-13,218,128.460007,129.039993,126.830002,128.990005,128.990005,12450200,True,True,True,False,False,False,False,False,False,False,False,False,122,4064.4501799999994
2023-04-14,219,135.149994,139.119995,134.899994,138.729996,138.729996,43931300,True,True,True,False,False,False,False,False,False,False,False,False,122,4064.4501799999994
2023-04-17,220,139.949997,140.059998,137.660004,139.830002,139.830002,16050500,True,True,True,False,False,False,False,False,False,False,False,False,122,4064.4501799999994
2023-04-18,221,140.270004,141.779999,139.029999,141.399994,141.399994,13760100,True,True,True,False,False,False,False,False,False,False,False,False,122,4064.4501799999994
2023-04-19,222,141.229996,141.5,140.399994,141.220001,141.220001,9158100,True,True,True,False,False,False,False,False,False,False,False,False,122,4064.4501799999994
2023-04-20,223,139.910004,141.429993,139.839996,140.809998,140.809998,10586200,True,True,True,False,False,False,False,False,False,False,False,False,122,4064.4501799999994
2023-04-21,224,139.740005,141.110001,138.779999,140.539993,140.539993,11842500,True,True,True,False,False,False,False,False,False,False,False,False,122,4064.4501799999994
2023-04-24,225,140.460007,141.100006,140.039993,140.729996,140.729996,7567500,True,True,True,False,False,False,False,False,False,False,False,False,122,4064.4501799999994
2023-04-25,226,139.600006,139.960007,137.630005,137.669998,137.669998,10629300,True,True,True,False,False,False,False,False,False,False,False,False,122,4064.4501799999994
2023-04-26,227,137.619995,137.809998,134.0,135.229996,135.229996,14416100,True,True,True,False,False,False,False,False,False,False,False,False,122,4064.4501799999994
2023-04-27,228,136.0,137.910004,135.660004,137.050003,137.050003,9041100,True,True,True,False,False,False,False,False,False,False,False,False,122,4064.4501799999994
2023-04-28,229,136.559998,138.320007,135.669998,138.240005,138.240005,9881800,True,True,True,False,False,False,False,False,False,False,False,False,122,4064.4501799999994
2023-05-01,230,142.259995,143.369995,140.830002,141.199997,141.199997,20415800,True,True,True,False,False,False,False,False,False,False,False,False,122,4064.4501799999994
2023-05-02,231,141.399994,142.410004,138.429993,138.919998,138.919998,14113400,True,True,True,False,False,False,False,False,False,False,False,False,122,4064.4501799999994
2023-05-03,232,138.440002,138.669998,135.759995,135.979996,135.979996,12930900,True,True,True,False,False,False,False,False,False,False,False,False,122,4064.4501799999994
2023-05-04,233,134.960007,135.720001,131.809998,134.119995,134.119995,17089200,True,True,True,False,False,False,False,False,False,False,False,False,122,4064.4501799999994
2023-05-05,234,136.440002,137.880005,135.910004,136.740005,136.740005,11259100,True,True,True,False,False,False,False,False,False,False,False,False,122,4064.4501799999994
2023-05-08,235,137.490005,137.970001,136.479996,137.070007,137.070007,7484900,True,True,True,False,False,False,False,False,False,False,False,False,122,4064.4501799999994
2023-05-09,236,135.929993,136.949997,135.210007,136.410004,136.410004,7343600,True,True,True,False,False,False,False,False,False,False,False,False,122,4064.4501799999994
2023-05-10,237,137.949997,138.059998,134.869995,136.479996,136.479996,8133400,True,True,True,False,False,False,False,False,False,False,False,False,122,4064.4501799999994
2023-05-11,238,135.0,136.809998,134.899994,136.050003,136.050003,7057300,True,True,True,False,False,False,False,False,False,False,False,False,122,4064.4501799999994
2023-05-12,239,136.820007,136.990005,133.130005,134.100006,134.100006,9986400,True,True,True,False,False,False,False,False,False,False,False,False,122,4064.4501799999994
2023-05-15,240,134.270004,135.669998,133.960007,135.229996,135.229996,7639500,True,True,True,False,False,False,False,False,False,False,False,False,122,4064.4501799999994
2023-05-16,241,135.460007,135.940002,133.960007,134.320007,134.320007,6477200,True,True,True,False,False,False,False,False,False,False,False,False,122,4064.4501799999994
2023-05-17,242,135.899994,138.589996,135.460007,138.449997,138.449997,12711500,True,True,True,False,False,False,False,False,False,False,False,False,122,4064.4501799999994
2023-05-18,243,138.270004,139.729996,137.759995,139.5,139.5,10999600,True,True,True,False,False,False,False,False,False,False,False,False,122,4064.4501799999994
2023-05-19,244,139.789993,140.490005,138.130005,139.179993,139.179993,13490700,True,True,True,False,False,False,False,False,False,False,False,False,122,4064.4501799999994
2023-05-22,245,141.0,141.639999,137.660004,138.029999,138.029999,11402500,True,True,True,False,False,False,False,False,False,False,False,False,122,4064.4501799999994
2023-05-23,246,137.539993,139.029999,136.460007,136.589996,136.589996,9514900,False,True,True,False,False,False,False,False,False,False,False,False,122,4064.4501799999994
2023-05-24,247,135.399994,136.350006,135.080002,135.339996,135.339996,8578000,False,True,True,False,False,False,False,False,False,False,False,False,122,4064.4501799999994
2023-05-25,248,134.820007,136.270004,134.580002,135.669998,135.669998,8472500,False,True,True,False,False,False,False,False,False,False,False,False,122,4064.4501799999994
2023-05-26,249,136.110001,137.600006,135.630005,136.940002,136.940002,8576700,False,True,True,False,False,False,False,False,False,False,False,False,122,4064.4501799999994
